Kriteria,Bobot Kriteria
Urgensi surat,0.3333333333333333
Jenis Kegiatan,0.3333333333333333
Jenis Program,0.3333333333333333
